a,b,n,spearman,p_spearman,ci_low,ci_high,kendall,p_kendall
IRU 2025,IRU 2024,35,0.9317,0.0,0.8393,0.97,0.795,0.0
IRU 2025,THE 2027 (rebuilt score),23,0.1719,0.4328,-0.3506,0.5923,0.1067,0.4966
IRU 2025,THE 2027 (band),23,0.2589,0.2328,-0.2521,0.6659,0.1886,0.2607
IRU 2025,SIR overall,29,0.7646,0.0,0.5331,0.9015,0.5697,0.0
IRU 2025,SIR research,29,0.6877,0.0,0.3762,0.8758,0.5271,0.0
IRU 2025,SIR innovation,29,0.0094,0.9616,-0.3932,0.4202,-0.0049,0.9852
IRU 2025,SIR societal,29,0.7901,0.0,0.5431,0.9126,0.6158,0.0
IRU 2025,THE Impact 2026,14,0.5241,0.0544,0.0286,0.9025,0.4582,0.0411
IRU 2024,THE 2027 (rebuilt score),23,0.3785,0.075,-0.0702,0.7293,0.2727,0.0722
IRU 2024,THE 2027 (band),23,0.4225,0.0446,-0.0923,0.796,0.353,0.0353
IRU 2024,SIR overall,29,0.7511,0.0,0.466,0.9049,0.5894,0.0
IRU 2024,SIR research,29,0.6,0.0006,0.231,0.8531,0.468,0.0002
IRU 2024,SIR innovation,29,0.0039,0.9838,-0.4053,0.4048,-0.0148,0.926
IRU 2024,SIR societal,29,0.8488,0.0,0.6779,0.9253,0.6552,0.0
IRU 2024,THE Impact 2026,14,0.5216,0.0557,0.0419,0.8874,0.4582,0.0411
THE 2027 (rebuilt score),THE 2027 (band),23,0.9216,0.0,0.8151,0.9591,0.8173,0.0
THE 2027 (rebuilt score),SIR overall,23,0.3508,0.1008,-0.0993,0.7072,0.2885,0.0566
THE 2027 (rebuilt score),SIR research,23,0.4209,0.0455,-0.05,0.763,0.3123,0.0384
THE 2027 (rebuilt score),SIR innovation,23,0.3468,0.1049,-0.0565,0.6396,0.249,0.1019
THE 2027 (rebuilt score),SIR societal,23,0.164,0.4545,-0.3029,0.5945,0.1304,0.4023
THE 2027 (rebuilt score),THE Impact 2026,12,0.1593,0.6209,-0.4878,0.7474,0.1284,0.5988
THE 2027 (band),SIR overall,23,0.3742,0.0786,-0.0733,0.7065,0.3047,0.0692
THE 2027 (band),SIR research,23,0.5345,0.0086,0.1048,0.8147,0.4304,0.0103
THE 2027 (band),SIR innovation,23,0.3126,0.1465,-0.12,0.6638,0.237,0.1576
THE 2027 (band),SIR societal,23,0.1678,0.4441,-0.3192,0.5634,0.1306,0.4362
THE 2027 (band),THE Impact 2026,12,0.2541,0.4254,-0.3797,0.8457,0.2444,0.3663
SIR overall,SIR research,29,0.8474,0.0,0.6416,0.9389,0.6782,0.0
SIR overall,SIR innovation,29,0.151,0.4343,-0.2449,0.4892,0.111,0.3985
SIR overall,SIR societal,29,0.8762,0.0,0.6868,0.9568,0.7127,0.0
SIR overall,THE Impact 2026,14,0.6594,0.0103,0.2057,0.9439,0.597,0.0078
SIR research,SIR innovation,29,-0.0852,0.6603,-0.4725,0.3352,-0.0542,0.6962
SIR research,SIR societal,29,0.6202,0.0003,0.3021,0.8361,0.4483,0.0005
SIR research,THE Impact 2026,14,0.6324,0.0152,0.1742,0.9433,0.5693,0.0112
SIR innovation,SIR societal,29,-0.003,0.9879,-0.3721,0.3433,-0.0049,0.9852
SIR innovation,THE Impact 2026,14,-0.2977,0.3012,-0.812,0.2586,-0.236,0.2927
SIR societal,THE Impact 2026,14,0.593,0.0254,0.1313,0.9237,0.5137,0.022
