id,the_band,overall_band_score,teaching,research_environment,research_quality,industry,international_outlook
tech,1001–1200,33.3–36.3,27.1,12.5,62.8,25.1,25.5
anbar,1201–1400,30.5–33.2,27.2,15.0,48.3,36.0,36.3
qasim,1601–1800,24.2–27.1,22.5,9.4,41.3,16.3,24.0
baghdad,1601–1800,24.2–27.1,31.3,17.0,28.5,30.9,22.6
muthanna,1801–2000,20.4–24.1,22.0,9.5,29.3,17.0,35.5
nahrain,1801–2000,20.4–24.1,29.8,11.0,29.4,20.9,25.9
must,1801–2000,20.4–24.1,26.7,11.6,20.6,24.1,36.2
stu,1801–2000,20.4–24.1,12.1,8.1,38.1,16.0,35.0
qadis,1801–2000,20.4–24.1,19.3,9.2,36.1,16.5,29.0
babylon,1801–2000,20.4–24.1,29.5,10.6,29.1,19.9,22.5
kufa,1801–2000,20.4–24.1,24.8,10.7,34.1,16.9,23.2
wasit,1801–2000,20.4–24.1,21.5,9.2,35.9,16.1,26.4
atu,2001+,12.2–20.3,11.8,10.1,22.7,19.4,24.0
mtu,2001+,12.2–20.3,12.4,10.2,27.4,19.8,24.9
ntu,2001+,12.2–20.3,16.2,9.5,27.3,20.7,31.7
tikrit,2001+,12.2–20.3,29.6,11.4,18.4,16.5,20.5
basrah,2001+,12.2–20.3,17.9,10.0,17.9,18.3,23.0
diyala,2001+,12.2–20.3,16.0,9.3,27.4,18.0,26.4
kerbala,2001+,12.2–20.3,21.8,9.5,22.6,16.3,28.1
kirkuk,2001+,12.2–20.3,16.8,9.3,27.4,16.3,28.6
misan,2001+,12.2–20.3,15.0,9.5,28.1,17.7,37.1
mosul,2001+,12.2–20.3,22.6,12.1,17.4,27.9,21.2
thiqar,2001+,12.2–20.3,20.5,10.1,23.5,16.7,24.6
