id,name_en,name_ar,type,in_app_v1,iru2025_rank,iru2025_score,iru2024_rank,iru2024_score,the_wur_2027,qs_wur_2027,sir2026_overall,sir2026_research,sir2026_innovation,sir2026_societal,the_impact_2026,students_the2027,students_per_staff_the2027
baghdad,University of Baghdad,جامعة بغداد,university,1,1,60.0798,4,48.6534,1601–1800,801–850,3279,1367,8903,2403,NR,68301,9.5
tech,"University of Technology, Iraq",الجامعة التكنولوجية,university,1,2,53.9969,1,61.6144,1001–1200,NR,5151,2656,7596,6390,1001–1500,14634,7.4
basrah,University of Basrah,جامعة البصرة,university,1,3,52.1671,10,44.2023,2001+,NR,7077,5589,8925,5297,NR,53414,15.9
anbar,University of Anbar,جامعة الأنبار,university,1,4,52.0515,2,54.5186,1201–1400,1201–1400,7125,3822,9266,7356,601–800,27823,11
mosul,University of Mosul,جامعة الموصل,university,1,5,51.3135,11,43.1801,2001+,NR,6964,3980,9686,6471,601–800,58764,11.6
diyala,University of Diyala,جامعة ديالى,university,1,6,49.6289,9,44.5297,2001+,NR,6242,4929,9665,3339,NR,37534,16.7
babylon,University of Babylon,جامعة بابل,university,1,7,46.8781,7,46.23,1801–2000,NR,6143,4269,8357,5401,NR,28982,10.9
nahrain,Al-Nahrain University,جامعة النهرين,university,0,8,45.3209,13,42.3109,1801–2000,1001–1200,8189,5761,7197,8607,NR,8018,5.1
must,Mustansiriyah University,الجامعة المستنصرية,university,1,9,45.0988,3,51.04,1801–2000,1001–1200,5298,4227,9152,2721,601–800,34033,9
mtu,Middle Technical University,الجامعة التقنية الوسطى,university,1,10,44.4027,15,39.9509,2001+,NR,9663,6813,8593,9231,1001–1500,37763,20.2
ntu,Northern Technical University,الجامعة التقنية الشمالية,university,1,11,43.1356,16,39.3491,2001+,NR,9319,7144,8283,8659,NR,18476,14.1
kerbala,University of Kerbala,جامعة كربلاء,university,1,12,40.1578,6,47.7875,2001+,1401+,9216,7168,9613,7610,1001–1500,25431,10.9
kufa,University of Kufa,جامعة الكوفة,university,1,13,39.7483,5,47.9325,1801–2000,1401+,8508,5673,9355,7766,801–1000,33945,10.5
muthanna,Al-Muthanna University,جامعة المثنى,university,0,14,37.7023,8,45.9663,1801–2000,NR,9295,8192,7418,8391,NR,11412,10.4
qadis,University of Al-Qadisiyah,جامعة القادسية,university,1,15,37.2455,12,43.1122,1801–2000,NR,8559,5267,9090,8380,801–1000,28370,14.4
atu,Al-Furat Al-Awsat Technical University,جامعة الفرات الأوسط التقنية,university,1,16,35.1668,17,38.3488,2001+,NR,9174,5657,9498,8765,801–1000,26757,26.8
tikrit,Tikrit University,جامعة تكريت,university,1,17,33.1739,14,41.6838,2001+,NR,8811,5635,9514,8217,1001–1500,36261,11.5
thiqar,University of Thi-Qar,جامعة ذي قار,university,0,18,30.2674,19,37.0468,2001+,NR,9841,7758,8827,8957,NR,20043,12.3
wasit,Wasit University,جامعة واسط,university,0,19,28.1606,20,36.3972,1801–2000,NR,9276,6479,8666,8815,NR,20558,10.3
uoitc,University of Information Technology and Communications,جامعة تكنولوجيا المعلومات والاتصالات,university,0,20,27.988,23,32.1043,Reporter,NR,6795,2788,7688,8922,NR,,
karkh,Al-Karkh University of Science,جامعة الكرخ للعلوم,university,0,21,27.7495,27,28.6295,Reporter,NR,10157,6497,10505,9300,NR,,
iraqia,Al-Iraqia University,الجامعة العراقية,university,0,22,27.5498,18,37.0872,Reporter,NR,9899,8497,7900,9033,1001–1500,,
stu,Southern Technical University,الجامعة التقنية الجنوبية,university,0,23,27.208,22,33.4887,1801–2000,NR,9486,6114,8416,9395,1001–1500,16157,20.6
qasim,Al-Qasim Green University,جامعة القاسم الخضراء,university,0,24,27.1993,24,30.6354,1601–1800,NR,9328,4919,9291,9482,NR,3761,6.1
kirkuk,University of Kirkuk,جامعة كركوك,university,1,25,26.864,21,33.4932,2001+,NR,10042,7347,10249,8865,1001–1500,23267,13.7
fallujah,University of Fallujah,جامعة الفلوجة,university,0,26,25.0017,29,28.4028,Reporter,NR,10475,8940,9032,9720,1001–1500,,
ninevah,University of Ninevah,جامعة نينوى,university,1,27,24.0179,25,30.2939,NR,NR,9319,8268,6933,8627,NR,,
sumer,University of Sumer,جامعة سومر,university,0,28,24.0003,30,27.8449,NR,NR,NR,NR,NR,NR,NR,,
misan,University of Misan,جامعة ميسان,university,1,29,23.5969,26,29.3661,2001+,NR,8920,7172,7354,8574,NR,18094,15.4
jabir,Jabir ibn Hayyan University for Medical and Pharmaceutical Sciences,جامعة جابر بن حيان الطبية,university,0,30,18.5552,28,28.4639,Reporter,NR,NR,NR,NR,NR,NR,,
buog,Basrah University for Oil and Gas,جامعة البصرة للنفط والغاز,university,0,31,18.2226,32,24.7607,NR,NR,NR,NR,NR,NR,NR,,
kadhim,Imam Al-Kadhim University College,كلية الإمام الكاظم (ع),university college,0,32,17.5635,33,23.5174,Reporter,NR,NR,NR,NR,NR,1001–1500,,
samarra,University of Samarra,جامعة سامراء,university,0,33,14.2337,31,26.9075,NR,NR,10612,9364,10136,9637,NR,,
telafer,University of Telafer,جامعة تلعفر,university,1,34,13.257,36,19.0662,Reporter,NR,NR,NR,NR,NR,NR,,
ibnsina,Ibn Sina University of Medical and Pharmaceutical Sciences,جامعة ابن سينا للعلوم الطبية والصيدلانية,university,0,35,12.0935,35,20.8658,NR,NR,NR,NR,NR,NR,NR,,
adham,Imam Al-Adham University College,كلية الإمام الأعظم الجامعة,university college,0,36,11.7457,34,20.9508,NR,NR,NR,NR,NR,NR,NR,,
hamdaniya,University of Al-Hamdaniya,جامعة الحمدانية,university,1,37,11.0532,37,19.0045,NR,NR,NR,NR,NR,NR,NR,,
