,A,B,C,topsis_B,topsis_C
baghdad,1.0,1.0,1.0,1.0,2.0
tech,2.0,3.0,2.0,4.0,5.0
basrah,9.0,11.0,11.0,12.0,11.0
anbar,4.0,4.0,4.0,3.0,3.0
mosul,7.0,6.0,6.0,6.0,4.0
diyala,8.0,9.0,9.0,10.0,7.0
babylon,5.0,7.0,7.0,8.0,6.0
nahrain,6.0,5.0,5.0,5.0,10.0
must,3.0,2.0,3.0,2.0,1.0
mtu,22.0,20.0,26.0,21.0,22.0
ntu,16.0,14.0,15.0,15.0,16.0
kerbala,18.0,15.0,20.0,16.0,20.0
kufa,10.0,8.0,8.0,7.0,8.0
muthanna,12.0,12.0,12.0,13.0,13.0
qadis,11.0,10.0,10.0,9.0,9.0
atu,27.0,22.0,33.0,18.0,15.0
tikrit,17.0,17.0,18.0,17.0,19.0
thiqar,20.0,19.0,23.0,22.0,29.0
wasit,15.0,16.0,16.0,14.0,17.0
uoitc,14.0,24.0,13.0,20.0,12.0
karkh,28.0,27.0,28.0,27.0,31.0
iraqia,24.0,26.0,19.0,26.0,23.0
stu,23.0,21.0,32.0,23.0,32.0
qasim,13.0,13.0,14.0,11.0,14.0
kirkuk,26.0,23.0,34.0,24.0,34.0
fallujah,29.0,28.0,31.0,28.0,33.0
ninevah,21.0,25.0,17.0,25.0,18.0
sumer,25.0,29.0,21.0,29.0,21.0
misan,19.0,18.0,22.0,19.0,24.0
jabir,30.0,30.0,24.0,30.0,25.0
buog,31.0,31.0,25.0,31.0,26.0
samarra,33.0,32.0,35.0,32.0,35.0
telafer,32.0,33.0,27.0,33.0,27.0
ibnsina,34.0,34.0,29.0,34.0,28.0
hamdaniya,35.0,35.0,30.0,35.0,30.0
