sample,treatment,id,baseline_rank,mean_rank,p05,p95,range90,p_top5,p_top10,modal_rank
35 universities,A,baghdad,1.0,1.2273,1.0,2.0,1.0,1.0,1.0,1.0
35 universities,A,tech,2.0,2.9421,1.0,8.0,7.0,0.8409,0.9984,2.0
35 universities,A,basrah,9.0,9.3119,7.0,14.0,7.0,0.0179,0.7972,8.0
35 universities,A,anbar,4.0,4.2864,3.0,7.0,4.0,0.8627,1.0,4.0
35 universities,A,mosul,6.0,6.5846,4.0,9.0,5.0,0.2732,0.9915,7.0
35 universities,A,diyala,8.0,8.1141,3.0,16.0,13.0,0.2473,0.8301,9.0
35 universities,A,babylon,5.0,5.8907,4.0,7.0,3.0,0.3412,1.0,6.0
35 universities,A,nahrain,7.0,6.7985,3.0,11.0,8.0,0.3651,0.915,9.0
35 universities,A,must,3.0,3.4089,2.0,6.0,4.0,0.8941,1.0,2.0
35 universities,A,mtu,16.0,20.7498,14.0,26.0,12.0,0.0,0.0027,23.0
35 universities,A,ntu,14.0,15.3945,11.0,19.0,8.0,0.0,0.0254,18.0
35 universities,A,kerbala,18.0,17.6163,12.0,25.0,13.0,0.0,0.0,15.0
35 universities,A,kufa,11.0,11.0569,9.0,15.0,6.0,0.0,0.5081,10.0
35 universities,A,muthanna,13.0,12.2519,10.0,15.0,5.0,0.0,0.1508,13.0
35 universities,A,qadis,12.0,12.6521,10.0,16.0,6.0,0.0,0.0851,11.0
35 universities,A,atu,22.0,21.7079,12.0,29.0,17.0,0.0,0.0016,27.0
35 universities,A,tikrit,19.0,18.0098,15.0,22.0,7.0,0.0,0.0,18.0
35 universities,A,thiqar,23.0,21.2712,18.0,25.0,7.0,0.0,0.0,20.0
35 universities,A,wasit,17.0,16.6746,12.0,20.0,8.0,0.0,0.0037,19.0
35 universities,A,uoitc,10.0,12.1751,3.0,21.0,18.0,0.1281,0.4534,10.0
35 universities,A,karkh,28.0,28.7779,27.0,30.0,3.0,0.0,0.0,30.0
35 universities,A,iraqia,26.0,25.897,23.0,29.0,6.0,0.0,0.0,26.0
35 universities,A,stu,24.0,23.7823,20.0,27.0,7.0,0.0,0.0,24.0
35 universities,A,qasim,15.0,14.1316,7.0,22.0,15.0,0.0295,0.2146,14.0
35 universities,A,kirkuk,27.0,25.1894,20.0,30.0,10.0,0.0,0.0,27.0
35 universities,A,fallujah,30.0,30.0574,28.0,32.0,4.0,0.0,0.0,31.0
35 universities,A,ninevah,21.0,20.96,14.0,26.0,12.0,0.0,0.0101,22.0
35 universities,A,sumer,25.0,22.406,14.0,27.0,13.0,0.0,0.0,26.0
35 universities,A,misan,20.0,19.0122,13.0,24.0,11.0,0.0,0.0123,20.0
35 universities,A,jabir,29.0,28.2692,25.0,30.0,5.0,0.0,0.0,30.0
35 universities,A,buog,31.0,29.4606,26.0,31.0,5.0,0.0,0.0,31.0
35 universities,A,samarra,33.0,33.0544,32.0,34.0,2.0,0.0,0.0,33.0
35 universities,A,telafer,32.0,32.0985,31.0,33.0,2.0,0.0,0.0,32.0
35 universities,A,ibnsina,34.0,33.7789,33.0,34.0,1.0,0.0,0.0,34.0
35 universities,A,hamdaniya,35.0,35.0,35.0,35.0,0.0,0.0,0.0,35.0
35 universities,B,baghdad,1.0,1.529,1.0,4.0,3.0,1.0,1.0,1.0
35 universities,B,tech,2.0,2.9389,1.0,5.0,4.0,0.9616,0.9984,2.0
35 universities,B,basrah,8.0,10.2326,7.0,16.0,9.0,0.008,0.608,8.0
35 universities,B,anbar,4.0,3.7653,3.0,6.0,3.0,0.946,1.0,3.0
35 universities,B,mosul,6.0,5.7031,3.0,8.0,5.0,0.4888,0.9923,5.0
35 universities,B,diyala,9.0,10.1428,6.0,18.0,12.0,0.0151,0.6966,9.0
35 universities,B,babylon,7.0,6.8268,6.0,9.0,3.0,0.0401,1.0,7.0
35 universities,B,nahrain,5.0,5.9794,3.0,11.0,8.0,0.5184,0.9073,5.0
35 universities,B,must,3.0,2.856,1.0,5.0,4.0,0.9545,1.0,1.0
35 universities,B,mtu,17.0,19.1038,13.0,23.0,10.0,0.0,0.0063,21.0
35 universities,B,ntu,13.0,15.0586,11.0,18.0,7.0,0.0,0.0213,17.0
35 universities,B,kerbala,16.0,15.6557,11.0,23.0,12.0,0.0,0.0036,14.0
35 universities,B,kufa,10.0,9.3181,6.0,13.0,7.0,0.0232,0.8296,10.0
35 universities,B,muthanna,12.0,12.114,9.0,15.0,6.0,0.0,0.2448,13.0
35 universities,B,qadis,11.0,11.7661,9.0,15.0,6.0,0.0,0.2479,11.0
35 universities,B,atu,21.0,19.7348,12.0,25.0,13.0,0.0,0.006,24.0
35 universities,B,tikrit,18.0,16.7238,13.0,21.0,8.0,0.0,0.0,16.0
35 universities,B,thiqar,22.0,20.2332,17.0,24.0,7.0,0.0,0.0,18.0
35 universities,B,wasit,19.0,16.5472,11.0,20.0,9.0,0.0,0.0077,17.0
35 universities,B,uoitc,14.0,18.3624,7.0,24.0,17.0,0.0176,0.1255,24.0
35 universities,B,karkh,27.0,27.1522,26.0,28.0,2.0,0.0,0.0,27.0
35 universities,B,iraqia,25.0,25.3763,24.0,26.0,2.0,0.0,0.0,26.0
35 universities,B,stu,23.0,22.0583,19.0,24.0,5.0,0.0,0.0,22.0
35 universities,B,qasim,15.0,13.5179,6.0,21.0,15.0,0.0267,0.278,15.0
35 universities,B,kirkuk,26.0,23.1485,19.0,26.0,7.0,0.0,0.0,26.0
35 universities,B,fallujah,28.0,27.7137,27.0,28.0,1.0,0.0,0.0,28.0
35 universities,B,ninevah,24.0,23.7438,17.0,27.0,10.0,0.0,0.004,25.0
35 universities,B,sumer,29.0,29.2329,29.0,30.0,1.0,0.0,0.0,29.0
35 universities,B,misan,20.0,18.6979,13.0,23.0,10.0,0.0,0.0227,19.0
35 universities,B,jabir,30.0,30.4093,30.0,31.0,1.0,0.0,0.0,30.0
35 universities,B,buog,31.0,31.4307,31.0,32.0,1.0,0.0,0.0,31.0
35 universities,B,samarra,32.0,30.9269,29.0,32.0,3.0,0.0,0.0,32.0
35 universities,B,telafer,33.0,33.0,33.0,33.0,0.0,0.0,0.0,33.0
35 universities,B,ibnsina,34.0,34.0,34.0,34.0,0.0,0.0,0.0,34.0
35 universities,B,hamdaniya,35.0,35.0,35.0,35.0,0.0,0.0,0.0,35.0
35 universities,C,baghdad,1.0,1.6014,1.0,4.0,3.0,1.0,1.0,1.0
35 universities,C,tech,2.0,2.7599,1.0,5.0,4.0,0.9643,0.9984,2.0
35 universities,C,basrah,8.0,11.1268,7.0,24.0,17.0,0.0122,0.617,8.0
35 universities,C,anbar,4.0,3.9267,3.0,6.0,3.0,0.9053,1.0,3.0
35 universities,C,mosul,5.0,5.7106,3.0,9.0,6.0,0.5553,0.9846,5.0
35 universities,C,diyala,9.0,11.1902,6.0,27.0,21.0,0.0183,0.6795,9.0
35 universities,C,babylon,6.0,6.6668,5.0,8.0,3.0,0.0848,1.0,7.0
35 universities,C,nahrain,7.0,6.4509,3.0,12.0,9.0,0.4049,0.8818,6.0
35 universities,C,must,3.0,2.9942,1.0,6.0,5.0,0.9235,1.0,1.0
35 universities,C,mtu,16.0,24.5269,13.0,34.0,21.0,0.0,0.0071,33.0
35 universities,C,ntu,14.0,17.4863,11.0,27.0,16.0,0.0,0.034,15.0
35 universities,C,kerbala,20.0,20.5911,12.0,31.0,19.0,0.0,0.0012,15.0
35 universities,C,kufa,12.0,11.1255,6.0,18.0,12.0,0.0174,0.5283,10.0
35 universities,C,muthanna,13.0,12.3437,10.0,15.0,5.0,0.0,0.188,13.0
35 universities,C,qadis,11.0,12.4413,8.0,21.0,13.0,0.0,0.2882,11.0
35 universities,C,atu,22.0,25.283,11.0,35.0,24.0,0.0,0.006,35.0
35 universities,C,tikrit,18.0,18.5549,15.0,26.0,11.0,0.0,0.0,17.0
35 universities,C,thiqar,25.0,25.4405,20.0,30.0,10.0,0.0,0.0,28.0
35 universities,C,wasit,19.0,17.4747,12.0,21.0,9.0,0.0,0.0038,19.0
35 universities,C,uoitc,10.0,11.3213,4.0,18.0,14.0,0.0818,0.4475,8.0
35 universities,C,karkh,31.0,28.4061,22.0,33.0,11.0,0.0,0.0,33.0
35 universities,C,iraqia,24.0,22.4929,19.0,27.0,8.0,0.0,0.0,22.0
35 universities,C,stu,26.0,29.3387,20.0,35.0,15.0,0.0,0.0,34.0
35 universities,C,qasim,15.0,14.0237,6.0,22.0,16.0,0.0322,0.268,15.0
35 universities,C,kirkuk,34.0,31.3794,26.0,34.0,8.0,0.0,0.0,34.0
35 universities,C,fallujah,33.0,29.9658,25.0,34.0,9.0,0.0,0.0,32.0
35 universities,C,ninevah,17.0,17.1769,11.0,24.0,13.0,0.0,0.0493,15.0
35 universities,C,sumer,23.0,20.3817,15.0,26.0,11.0,0.0,0.0,19.0
35 universities,C,misan,21.0,23.6107,14.0,32.0,18.0,0.0,0.0173,25.0
35 universities,C,jabir,27.0,23.222,17.0,30.0,13.0,0.0,0.0,22.0
35 universities,C,buog,28.0,24.3112,18.0,31.0,13.0,0.0,0.0,23.0
35 universities,C,samarra,35.0,33.981,30.0,35.0,5.0,0.0,0.0,35.0
35 universities,C,telafer,29.0,26.3583,19.0,32.0,13.0,0.0,0.0,32.0
35 universities,C,ibnsina,30.0,27.5749,20.0,33.0,13.0,0.0,0.0,33.0
35 universities,C,hamdaniya,32.0,28.76,21.0,34.0,13.0,0.0,0.0,34.0
37 institutions,A,baghdad,1.0,1.2241,1.0,2.0,1.0,1.0,1.0,1.0
37 institutions,A,tech,2.0,2.8844,1.0,8.0,7.0,0.8498,0.9985,2.0
37 institutions,A,basrah,9.0,9.3208,6.0,14.0,8.0,0.0209,0.7947,8.0
37 institutions,A,anbar,4.0,4.2841,3.0,7.0,4.0,0.8638,1.0,4.0
37 institutions,A,mosul,6.0,6.5884,4.0,9.0,5.0,0.2727,0.9922,7.0
37 institutions,A,diyala,8.0,8.1488,3.0,16.0,13.0,0.2382,0.8333,8.0
37 institutions,A,babylon,5.0,5.8963,4.0,7.0,3.0,0.3403,1.0,6.0
37 institutions,A,nahrain,7.0,6.7568,3.0,11.0,8.0,0.3686,0.9242,9.0
37 institutions,A,must,3.0,3.4489,2.0,7.0,5.0,0.8893,1.0,2.0
37 institutions,A,mtu,16.0,20.6541,14.0,26.0,12.0,0.0,0.0047,23.0
37 institutions,A,ntu,14.0,15.3645,11.0,19.0,8.0,0.0,0.0267,18.0
37 institutions,A,kerbala,18.0,17.6036,12.0,25.0,13.0,0.0,0.0002,16.0
37 institutions,A,kufa,11.0,11.0724,9.0,15.0,6.0,0.0,0.5011,10.0
37 institutions,A,muthanna,13.0,12.2392,10.0,15.0,5.0,0.0,0.1512,13.0
37 institutions,A,qadis,12.0,12.6877,10.0,16.0,6.0,0.0,0.0761,11.0
37 institutions,A,atu,22.0,21.7623,13.0,29.0,16.0,0.0,0.0015,27.0
37 institutions,A,tikrit,19.0,18.0078,15.0,22.0,7.0,0.0,0.0,18.0
37 institutions,A,thiqar,23.0,21.2958,18.0,25.0,7.0,0.0,0.0,20.0
37 institutions,A,wasit,17.0,16.7231,12.0,20.0,8.0,0.0,0.0041,19.0
37 institutions,A,uoitc,10.0,12.1198,3.0,21.0,18.0,0.1279,0.4563,10.0
37 institutions,A,karkh,28.0,28.7589,27.0,30.0,3.0,0.0,0.0,30.0
37 institutions,A,iraqia,26.0,25.8295,23.0,29.0,6.0,0.0,0.0,26.0
37 institutions,A,stu,24.0,23.729,20.0,26.0,6.0,0.0,0.0,24.0
37 institutions,A,qasim,15.0,14.1378,7.0,22.0,15.0,0.0285,0.2152,11.0
37 institutions,A,kirkuk,27.0,25.1769,20.0,30.0,10.0,0.0,0.0,27.0
37 institutions,A,fallujah,30.0,30.0672,28.0,32.0,4.0,0.0,0.0,31.0
37 institutions,A,ninevah,21.0,20.9586,14.0,26.0,12.0,0.0,0.0079,23.0
37 institutions,A,sumer,25.0,22.4929,14.0,27.0,13.0,0.0,0.0,26.0
37 institutions,A,misan,20.0,19.056,14.0,24.0,10.0,0.0,0.0121,20.0
37 institutions,A,jabir,29.0,28.3157,25.0,30.0,5.0,0.0,0.0,30.0
37 institutions,A,buog,31.0,29.5121,26.0,31.0,5.0,0.0,0.0,31.0
37 institutions,A,kadhim,32.0,32.701,32.0,36.0,4.0,0.0,0.0,32.0
37 institutions,A,samarra,34.0,33.9438,33.0,35.0,2.0,0.0,0.0,34.0
37 institutions,A,telafer,33.0,32.778,31.0,34.0,3.0,0.0,0.0,33.0
37 institutions,A,ibnsina,35.0,34.6351,33.0,35.0,2.0,0.0,0.0,35.0
37 institutions,A,adham,36.0,35.8246,35.0,36.0,1.0,0.0,0.0,36.0
37 institutions,A,hamdaniya,37.0,37.0,37.0,37.0,0.0,0.0,0.0,37.0
37 institutions,B,baghdad,1.0,1.5064,1.0,4.0,3.0,1.0,1.0,1.0
37 institutions,B,tech,2.0,2.8968,1.0,5.0,4.0,0.9672,0.9989,2.0
37 institutions,B,basrah,8.0,10.2018,7.0,16.0,9.0,0.0115,0.6152,8.0
37 institutions,B,anbar,4.0,3.7751,3.0,6.0,3.0,0.947,1.0,3.0
37 institutions,B,mosul,6.0,5.7208,3.0,8.0,5.0,0.4883,0.9938,5.0
37 institutions,B,diyala,9.0,10.1537,6.0,18.0,12.0,0.0121,0.6957,9.0
37 institutions,B,babylon,7.0,6.8072,6.0,8.0,2.0,0.0426,0.9999,7.0
37 institutions,B,nahrain,5.0,5.9435,3.0,11.0,8.0,0.5172,0.9141,5.0
37 institutions,B,must,3.0,2.8944,1.0,5.0,4.0,0.9515,1.0,1.0
37 institutions,B,mtu,17.0,19.0094,13.0,23.0,10.0,0.0,0.0092,21.0
37 institutions,B,ntu,13.0,15.0055,11.0,18.0,7.0,0.0,0.0222,17.0
37 institutions,B,kerbala,16.0,15.6708,12.0,23.0,11.0,0.0,0.0033,14.0
37 institutions,B,kufa,10.0,9.3564,6.0,13.0,7.0,0.0205,0.8258,10.0
37 institutions,B,muthanna,12.0,12.093,9.0,15.0,6.0,0.0,0.2503,13.0
37 institutions,B,qadis,11.0,11.8186,9.0,15.0,6.0,0.0,0.2283,11.0
37 institutions,B,atu,21.0,19.784,12.0,25.0,13.0,0.0,0.0062,24.0
37 institutions,B,tikrit,18.0,16.7309,13.0,21.0,8.0,0.0,0.0,16.0
37 institutions,B,thiqar,22.0,20.2657,17.0,24.0,7.0,0.0,0.0,18.0
37 institutions,B,wasit,19.0,16.5918,11.0,20.0,9.0,0.0,0.0062,17.0
37 institutions,B,uoitc,14.0,18.3375,7.0,24.0,17.0,0.0168,0.1259,24.0
37 institutions,B,karkh,27.0,27.1479,26.0,28.0,2.0,0.0,0.0,27.0
37 institutions,B,iraqia,25.0,25.364,23.0,26.0,3.0,0.0,0.0,26.0
37 institutions,B,stu,23.0,22.0374,19.0,24.0,5.0,0.0,0.0,22.0
37 institutions,B,qasim,15.0,13.5371,6.0,21.0,15.0,0.0253,0.2807,15.0
37 institutions,B,kirkuk,26.0,23.1705,19.0,26.0,7.0,0.0,0.0,26.0
37 institutions,B,fallujah,28.0,27.7136,27.0,28.0,1.0,0.0,0.0,28.0
37 institutions,B,ninevah,24.0,23.7412,17.0,27.0,10.0,0.0,0.0039,25.0
37 institutions,B,sumer,29.0,29.2254,29.0,30.0,1.0,0.0,0.0,29.0
37 institutions,B,misan,20.0,18.7252,13.0,23.0,10.0,0.0,0.0204,20.0
37 institutions,B,jabir,30.0,30.4095,30.0,31.0,1.0,0.0,0.0,30.0
37 institutions,B,buog,31.0,31.4306,31.0,32.0,1.0,0.0,0.0,31.0
37 institutions,B,kadhim,32.0,32.4791,32.0,33.0,1.0,0.0,0.0,32.0
37 institutions,B,samarra,33.0,31.4552,29.0,33.0,4.0,0.0,0.0,33.0
37 institutions,B,telafer,34.0,34.0,34.0,34.0,0.0,0.0,0.0,34.0
37 institutions,B,ibnsina,35.0,35.0,35.0,35.0,0.0,0.0,0.0,35.0
37 institutions,B,adham,36.0,36.0,36.0,36.0,0.0,0.0,0.0,36.0
37 institutions,B,hamdaniya,37.0,37.0,37.0,37.0,0.0,0.0,0.0,37.0
37 institutions,C,baghdad,1.0,1.5747,1.0,4.0,3.0,1.0,1.0,1.0
37 institutions,C,tech,2.0,2.7181,1.0,5.0,4.0,0.97,0.9989,2.0
37 institutions,C,basrah,8.0,11.2539,7.0,26.0,19.0,0.0157,0.6213,8.0
37 institutions,C,anbar,4.0,3.9274,3.0,6.0,3.0,0.9064,1.0,3.0
37 institutions,C,mosul,5.0,5.7358,3.0,9.0,6.0,0.5512,0.9874,5.0
37 institutions,C,diyala,9.0,11.3942,6.0,29.0,23.0,0.0156,0.68,9.0
37 institutions,C,babylon,6.0,6.6477,5.0,8.0,3.0,0.0843,0.9999,7.0
37 institutions,C,nahrain,7.0,6.4123,3.0,11.0,8.0,0.4075,0.8902,6.0
37 institutions,C,must,3.0,3.0369,1.0,6.0,5.0,0.9212,1.0,3.0
37 institutions,C,mtu,16.0,25.3551,13.0,36.0,23.0,0.0,0.0103,35.0
37 institutions,C,ntu,14.0,17.867,11.0,29.0,18.0,0.0,0.0356,15.0
37 institutions,C,kerbala,20.0,21.2913,12.0,33.0,21.0,0.0,0.0012,15.0
37 institutions,C,kufa,12.0,11.2457,6.0,18.0,12.0,0.0142,0.5184,10.0
37 institutions,C,muthanna,13.0,12.3157,10.0,15.0,5.0,0.0,0.1875,13.0
37 institutions,C,qadis,11.0,12.5918,8.0,22.0,14.0,0.0,0.2812,11.0
37 institutions,C,atu,22.0,26.3333,12.0,37.0,25.0,0.0,0.0061,37.0
37 institutions,C,tikrit,18.0,18.8475,15.0,28.0,13.0,0.0,0.0,17.0
37 institutions,C,thiqar,25.0,26.3996,20.0,32.0,12.0,0.0,0.0,29.0
37 institutions,C,wasit,19.0,17.5539,12.0,21.0,9.0,0.0,0.0032,19.0
37 institutions,C,uoitc,10.0,11.3162,4.0,18.0,14.0,0.0832,0.448,8.0
37 institutions,C,karkh,33.0,29.6614,22.0,35.0,13.0,0.0,0.0,35.0
37 institutions,C,iraqia,24.0,23.0279,19.0,29.0,10.0,0.0,0.0,22.0
37 institutions,C,stu,26.0,30.5288,21.0,37.0,16.0,0.0,0.0,36.0
37 institutions,C,qasim,15.0,14.0578,6.0,22.0,16.0,0.0307,0.2707,15.0
37 institutions,C,kirkuk,36.0,32.8915,26.0,36.0,10.0,0.0,0.0,36.0
37 institutions,C,fallujah,35.0,31.3832,25.0,36.0,11.0,0.0,0.0,34.0
37 institutions,C,ninevah,17.0,17.2293,11.0,24.0,13.0,0.0,0.0454,15.0
37 institutions,C,sumer,23.0,20.4306,15.0,26.0,11.0,0.0,0.0,19.0
37 institutions,C,misan,21.0,24.2685,14.0,34.0,20.0,0.0,0.0147,25.0
37 institutions,C,jabir,27.0,23.2732,17.0,30.0,13.0,0.0,0.0,22.0
37 institutions,C,buog,28.0,24.3565,18.0,31.0,13.0,0.0,0.0,31.0
37 institutions,C,kadhim,29.0,25.5258,19.0,32.0,13.0,0.0,0.0,32.0
37 institutions,C,samarra,37.0,35.9545,32.0,37.0,5.0,0.0,0.0,37.0
37 institutions,C,telafer,30.0,27.4308,20.0,33.0,13.0,0.0,0.0,33.0
37 institutions,C,ibnsina,31.0,28.6383,21.0,34.0,13.0,0.0,0.0,34.0
37 institutions,C,adham,32.0,29.7008,22.0,35.0,13.0,0.0,0.0,35.0
37 institutions,C,hamdaniya,34.0,30.823,23.0,36.0,13.0,0.0,0.0,36.0
