a,b,n,spearman,p,ci_low,ci_high,kendall
IRU 2025,IRU 2024,35,0.9317,0.0,0.8326,0.9685,0.795
IRU 2025,THE 2027 (rebuilt score),23,0.1719,0.4328,-0.3547,0.5955,0.1067
IRU 2025,SIR overall,29,0.7646,0.0,0.5061,0.8955,0.5697
IRU 2025,SIR research,29,0.6877,0.0,0.3808,0.8747,0.5271
IRU 2025,SIR innovation,29,0.0094,0.9616,-0.4037,0.4082,-0.0049
IRU 2025,SIR societal,29,0.7901,0.0,0.5384,0.9128,0.6158
IRU 2025,THE Impact 2026,14,0.5241,0.0544,0.0,0.9016,0.4582
IRU 2024,THE 2027 (rebuilt score),23,0.3785,0.075,-0.0862,0.7125,0.2727
IRU 2024,SIR overall,29,0.7511,0.0,0.4998,0.9049,0.5894
IRU 2024,SIR research,29,0.6,0.0006,0.2455,0.845,0.468
IRU 2024,SIR innovation,29,0.0039,0.9838,-0.4004,0.3775,-0.0148
IRU 2024,SIR societal,29,0.8488,0.0,0.6811,0.9213,0.6552
IRU 2024,THE Impact 2026,14,0.5216,0.0557,0.0312,0.88,0.4582
THE 2027 (rebuilt score),SIR overall,23,0.3508,0.1008,-0.0953,0.691,0.2885
THE 2027 (rebuilt score),SIR research,23,0.4209,0.0455,-0.0493,0.7701,0.3123
THE 2027 (rebuilt score),SIR innovation,23,0.3468,0.1049,-0.0487,0.6475,0.249
THE 2027 (rebuilt score),SIR societal,23,0.164,0.4545,-0.2927,0.5851,0.1304
THE 2027 (rebuilt score),THE Impact 2026,12,0.1593,0.6209,-0.4776,0.779,0.1284
SIR overall,SIR research,29,0.8474,0.0,0.6454,0.9422,0.6782
SIR overall,SIR innovation,29,0.151,0.4343,-0.2453,0.4982,0.111
SIR overall,SIR societal,29,0.8762,0.0,0.6855,0.9562,0.7127
SIR overall,THE Impact 2026,14,0.6594,0.0103,0.2092,0.946,0.597
SIR research,SIR innovation,29,-0.0852,0.6603,-0.4791,0.3177,-0.0542
SIR research,SIR societal,29,0.6202,0.0003,0.2819,0.8409,0.4483
SIR research,THE Impact 2026,14,0.6324,0.0152,0.1656,0.9412,0.5693
SIR innovation,SIR societal,29,-0.003,0.9879,-0.3662,0.333,-0.0049
SIR innovation,THE Impact 2026,14,-0.2977,0.3012,-0.7776,0.2882,-0.236
SIR societal,THE Impact 2026,14,0.593,0.0254,0.0969,0.908,0.5137
